<?xml version="1.0" encoding="UTF-8"?>
<GenRun Id="impl_1" LaunchPart="xc7a100tcsg324-1" LaunchTime="1680257227">
  <File Type="OPT-HWDEF" Name="shiftregister.hwdef"/>
  <File Type="ROUTE-BUS-SKEW" Name="shiftregister_bus_skew_routed.rpt"/>
  <File Type="PA-DCP" Name="shiftregister.dcp"/>
  <File Type="ROUTE-PWR" Name="shiftregister_power_routed.rpt"/>
  <File Type="PA-TCL" Name="shiftregister.tcl"/>
  <File Type="BITSTR-MMI" Name="shiftregister.mmi"/>
  <File Type="OPT-METHODOLOGY-DRC" Name="shiftregister_methodology_drc_opted.rpt"/>
  <File Type="INIT-TIMING" Name="shiftregister_timing_summary_init.rpt"/>
  <File Type="ROUTE-PWR-SUM" Name="shiftregister_power_summary_routed.pb"/>
  <File Type="REPORTS-TCL" Name="shiftregister_reports.tcl"/>
  <File Type="OPT-TIMING" Name="shiftregister_timing_summary_opted.rpt"/>
  <File Type="OPT-DCP" Name="shiftregister_opt.dcp"/>
  <File Type="OPT-DRC" Name="shiftregister_drc_opted.rpt"/>
  <File Type="PWROPT-DCP" Name="shiftregister_pwropt.dcp"/>
  <File Type="PWROPT-DRC" Name="shiftregister_drc_pwropted.rpt"/>
  <File Type="PWROPT-TIMING" Name="shiftregister_timing_summary_pwropted.rpt"/>
  <File Type="PLACE-DCP" Name="shiftregister_placed.dcp"/>
  <File Type="PLACE-IO" Name="shiftregister_io_placed.rpt"/>
  <File Type="PLACE-CLK" Name="shiftregister_clock_utilization_placed.rpt"/>
  <File Type="PLACE-UTIL" Name="shiftregister_utilization_placed.rpt"/>
  <File Type="PLACE-UTIL-PB" Name="shiftregister_utilization_placed.pb"/>
  <File Type="PLACE-CTRL" Name="shiftregister_control_sets_placed.rpt"/>
  <File Type="PLACE-SIMILARITY" Name="shiftregister_incremental_reuse_placed.rpt"/>
  <File Type="PLACE-PRE-SIMILARITY" Name="shiftregister_incremental_reuse_pre_placed.rpt"/>
  <File Type="BG-BIN" Name="shiftregister.bin"/>
  <File Type="PLACE-TIMING" Name="shiftregister_timing_summary_placed.rpt"/>
  <File Type="POSTPLACE-PWROPT-DCP" Name="shiftregister_postplace_pwropt.dcp"/>
  <File Type="BITSTR-MSK" Name="shiftregister.msk"/>
  <File Type="POSTPLACE-PWROPT-TIMING" Name="shiftregister_timing_summary_postplace_pwropted.rpt"/>
  <File Type="PHYSOPT-DCP" Name="shiftregister_physopt.dcp"/>
  <File Type="PHYSOPT-DRC" Name="shiftregister_drc_physopted.rpt"/>
  <File Type="BITSTR-RBT" Name="shiftregister.rbt"/>
  <File Type="PHYSOPT-TIMING" Name="shiftregister_timing_summary_physopted.rpt"/>
  <File Type="ROUTE-ERROR-DCP" Name="shiftregister_routed_error.dcp"/>
  <File Type="ROUTE-DCP" Name="shiftregister_routed.dcp"/>
  <File Type="ROUTE-BLACKBOX-DCP" Name="shiftregister_routed_bb.dcp"/>
  <File Type="ROUTE-DRC" Name="shiftregister_drc_routed.rpt"/>
  <File Type="ROUTE-DRC-PB" Name="shiftregister_drc_routed.pb"/>
  <File Type="ROUTE-DRC-RPX" Name="shiftregister_drc_routed.rpx"/>
  <File Type="ROUTE-METHODOLOGY-DRC" Name="shiftregister_methodology_drc_routed.rpt"/>
  <File Type="ROUTE-METHODOLOGY-DRC-RPX" Name="shiftregister_methodology_drc_routed.rpx"/>
  <File Type="ROUTE-METHODOLOGY-DRC-PB" Name="shiftregister_methodology_drc_routed.pb"/>
  <File Type="ROUTE-PWR-RPX" Name="shiftregister_power_routed.rpx"/>
  <File Type="ROUTE-STATUS" Name="shiftregister_route_status.rpt"/>
  <File Type="ROUTE-STATUS-PB" Name="shiftregister_route_status.pb"/>
  <File Type="ROUTE-TIMINGSUMMARY" Name="shiftregister_timing_summary_routed.rpt"/>
  <File Type="ROUTE-TIMING-PB" Name="shiftregister_timing_summary_routed.pb"/>
  <File Type="ROUTE-TIMING-RPX" Name="shiftregister_timing_summary_routed.rpx"/>
  <File Type="ROUTE-SIMILARITY" Name="shiftregister_incremental_reuse_routed.rpt"/>
  <File Type="ROUTE-CLK" Name="shiftregister_clock_utilization_routed.rpt"/>
  <File Type="ROUTE-BUS-SKEW-PB" Name="shiftregister_bus_skew_routed.pb"/>
  <File Type="ROUTE-BUS-SKEW-RPX" Name="shiftregister_bus_skew_routed.rpx"/>
  <File Type="POSTROUTE-PHYSOPT-DCP" Name="shiftregister_postroute_physopt.dcp"/>
  <File Type="POSTROUTE-PHYSOPT-BLACKBOX-DCP" Name="shiftregister_postroute_physopt_bb.dcp"/>
  <File Type="POSTROUTE-PHYSOPT-TIMING" Name="shiftregister_timing_summary_postroute_physopted.rpt"/>
  <File Type="POSTROUTE-PHYSOPT-TIMING-PB" Name="shiftregister_timing_summary_postroute_physopted.pb"/>
  <File Type="POSTROUTE-PHYSOPT-TIMING-RPX" Name="shiftregister_timing_summary_postroute_physopted.rpx"/>
  <File Type="POSTROUTE-PHYSOPT-BUS-SKEW" Name="shiftregister_bus_skew_postroute_physopted.rpt"/>
  <File Type="BG-BIT" Name="shiftregister.bit"/>
  <File Type="POSTROUTE-PHYSOPT-BUS-SKEW-PB" Name="shiftregister_bus_skew_postroute_physopted.pb"/>
  <File Type="POSTROUTE-PHYSOPT-BUS-SKEW-RPX" Name="shiftregister_bus_skew_postroute_physopted.rpx"/>
  <File Type="BITSTR-NKY" Name="shiftregister.nky"/>
  <File Type="BITSTR-BMM" Name="shiftregister_bd.bmm"/>
  <File Type="PDI-FILE" Name="shiftregister.pdi"/>
  <File Type="RCFI_FILE" Name="shiftregister.rcfi"/>
  <File Type="CFI_FILE" Name="shiftregister.cfi"/>
  <File Type="RNPI_FILE" Name="shiftregister.rnpi"/>
  <File Type="NPI_FILE" Name="shiftregister.npi"/>
  <File Type="RBD_FILE" Name="shiftregister.rbd"/>
  <File Type="BITSTR-LTX" Name="debug_nets.ltx"/>
  <File Type="BITSTR-LTX" Name="shiftregister.ltx"/>
  <File Type="BITSTR-SYSDEF" Name="shiftregister.sysdef"/>
  <File Type="BG-BGN" Name="shiftregister.bgn"/>
  <File Type="BG-DRC" Name="shiftregister.drc"/>
  <File Type="RDI-RDI" Name="shiftregister.vdi"/>
  <File Type="WBT-USG" Name="usage_statistics_webtalk.html"/>
  <File Type="ROUTE-RQS" Name="shiftregister_routed.rqs"/>
  <File Type="POSTROUTE-PHYSOPT-RQS" Name="shiftregister_postroute_physopted.rqs"/>
  <File Type="ROUTE-RQS-RPT" Name="route_report_qor_suggestions_0.rpt"/>
  <File Type="POSTROUTE-PHYSOPT-RQS-RPT" Name="postroute_physopt_report_qor_suggestions_0.rpt"/>
  <FileSet Name="sources" Type="DesignSrcs" RelSrcDir="$PSRCDIR/sources_1" RelGenDir="$PGENDIR/sources_1">
    <Filter Type="Srcs"/>
    <File Path="$PPRDIR/../parameter.vhd">
      <FileInfo>
        <Attr Name="UsedIn" Val="synthesis"/>
        <Attr Name="UsedIn" Val="simulation"/>
      </FileInfo>
    </File>
    <File Path="$PPRDIR/../power_estimation.vhd">
      <FileInfo>
        <Attr Name="UsedIn" Val="synthesis"/>
        <Attr Name="UsedIn" Val="simulation"/>
      </FileInfo>
    </File>
    <File Path="$PPRDIR/../singleregister.vhd">
      <FileInfo>
        <Attr Name="UsedIn" Val="synthesis"/>
        <Attr Name="UsedIn" Val="simulation"/>
      </FileInfo>
    </File>
    <File Path="$PPRDIR/../shiftregister.vhdl">
      <FileInfo>
        <Attr Name="UsedIn" Val="synthesis"/>
        <Attr Name="UsedIn" Val="simulation"/>
      </FileInfo>
    </File>
    <Config>
      <Option Name="DesignMode" Val="RTL"/>
      <Option Name="TopModule" Val="shiftregister"/>
      <Option Name="TopAutoSet" Val="TRUE"/>
    </Config>
  </FileSet>
  <FileSet Name="constrs_in" Type="Constrs" RelSrcDir="$PSRCDIR/constrs_1">
    <Filter Type="Constrs"/>
    <File Path="$PPRDIR/../Nexys4DDR_Nexys_A7_master_constraints_file.xdc">
      <FileInfo>
        <Attr Name="UsedIn" Val="synthesis"/>
        <Attr Name="UsedIn" Val="implementation"/>
      </FileInfo>
    </File>
    <Config>
      <Option Name="ConstrsType" Val="XDC"/>
    </Config>
  </FileSet>
  <FileSet Name="utils" Type="Utils" RelSrcDir="$PSRCDIR/utils_1">
    <Filter Type="Utils"/>
    <File Path="$PSRCDIR/utils_1/imports/synth_1/shiftregister.dcp">
      <FileInfo>
        <Attr Name="UsedIn" Val="synthesis"/>
        <Attr Name="UsedIn" Val="implementation"/>
        <Attr Name="UsedInSteps" Val="synth_1"/>
        <Attr Name="AutoDcp" Val="1"/>
      </FileInfo>
    </File>
    <Config>
      <Option Name="TopAutoSet" Val="TRUE"/>
    </Config>
  </FileSet>
  <Strategy Version="1" Minor="2">
    <StratHandle Name="Vivado Implementation Defaults" Flow="Vivado Implementation 2022">
      <Desc>Default settings for Implementation.</Desc>
    </StratHandle>
    <Step Id="init_design"/>
    <Step Id="opt_design"/>
    <Step Id="power_opt_design"/>
    <Step Id="place_design"/>
    <Step Id="post_place_power_opt_design"/>
    <Step Id="phys_opt_design"/>
    <Step Id="route_design"/>
    <Step Id="post_route_phys_opt_design"/>
    <Step Id="write_bitstream"/>
  </Strategy>
</GenRun>
